dataset_size,quantum_execution_time,scanpy_execution_time,quantum_kendall_tau,scanpy_kendall_tau,quantum_ari,scanpy_ari,quantum_silhouette,scanpy_silhouette
small,4.808593034744263,0.5733969211578369,-0.5220665754561975,0.9118367346938776,0.4385466653608853,0.26309416542525865,0.3851117,0.37696216
