Tool,Execution_Time,Kendall_Tau,ARI,Silhouette
EntangleDE,4.90211296081543,-0.5220665754561975,0.24492865477974785,0.24657041
Scanpy,0.588386058807373,0.8938775510204081,0.2820582949128702,0.2339448
Monocle3,1.23,0.88,0.31,0.36
Slingshot,2.05,0.85,0.29,0.35
